circuit,original,,maxLevel=1,,,,,,,,maxLevel=2,,,,,,,,maxLevel=4,,,,,,,,maxLevel=inf,,,,,,,
,area,delay,NMED,area,delay,time (s),AR,average AR,DR,average DR,error rate,area,delay,time (s),AR,average AR,DR,average DR,error rate,area,delay,time (s),AR,average AR,DR,average DR,error rate,area,delay,time (s),AR,average AR,DR,average DR
CLA32,1063,45.8,1.33629E-05,339,36.8,,,0.318908749,,,1.33629E-05,339,36.8,,,0.318908749,,,1.33623E-05,339,36.8,,,0.318908749,,,1.33623E-05,339,36.8,,,0.318908749,,
KSA32,1128,27,1.32648E-05,432,24.6,,,0.382978723,,,8.93685E-06,432,24.2,,,0.382978723,,,1.48165E-05,397,24.2,,,0.351950355,,,1.48165E-05,397,24.2,,,0.351950355,,
MUL8,1276,67.9,1.52483E-05,1019,61.8,,,0.798589342,,,1.52602E-05,1019,61.8,,,0.798589342,,,1.52602E-05,1019,61.8,,,0.798589342,,,1.52602E-05,1019,61.8,,,0.798589342,,
RCA32,691,42.8,0.0000142,288,26.1,,,0.416787265,,,1.48431E-05,276,26.1,,,0.399421129,,,1.48279E-05,276,26.1,,,0.399421129,,,1.48279E-05,272,26.1,,,0.393632417,,
WAL8,1104,69.6,0.000013337,1004,64.4,,,0.90942029,,,0.000013337,1004,64.4,,,0.90942029,,,1.51575E-05,1001,64.5,,,0.906702899,,,1.51575E-05,1001,64.5,,,0.906702899,,
