circuit,level,cp,aerd
c1908,1,0.940507,6.67E-05
c1908,2,0.940507,6.65E-05
c1908,4,0.940507,6.61E-05
c2670,1,0.719516,0.00804965
c2670,2,0.865447,0.00639691
c2670,4,0.873776,0.00494718
c880,1,0.747527,0.00559932
c880,2,0.747637,0.00483476
c880,4,0.846625,0.00172011
cla32,1,0.940578,0.000464074
cla32,2,0.972477,0.000277786
cla32,4,0.994665,8.59E-06
ksa32,1,1,0
ksa32,2,1,0
ksa32,4,1,0
rca32,1,0.994465,0.000120158
rca32,2,0.99476,0.000104159
rca32,4,1,0
